model	run_count	mean_generation_time_s	std_generation_time_s	mean_generated_token_count	std_generated_token_count	mean_tokens_per_second	std_tokens_per_second	mean_kv_cache_used_mb	std_kv_cache_used_mb	num_layers	num_kv_heads	head_dim	dtype_bytes	mean_gpu_power_w_avg	std_gpu_power_w_avg	mean_gpu_util_pct_avg	std_gpu_util_pct_avg	mean_cpu_pct_avg	std_cpu_pct_avg	mean_mem_pct_avg	std_mem_pct_avg
llama	10	25.737005107011647	0.04657002812896798	987.0	0.0	38.34956344288544	0.06943389792048447	133.5	0.0	32	8	128	2	391.37746116504854	1.1494500533140315	16.246601941747574	0.02174555006774463	1.0493203883495146	0.018578419613869745	1.7	0.0
gemma	10	158.45396041404456	0.15139774557341082	2396.0	0.0	15.121123903523742	0.014446313734080625	201.38671875	0.0	42	2	256	2	334.41542656123016	0.21145518927655738	10.37249865697036	0.011719323651320291	1.0694684206356222	0.013345271021317434	1.8	9.362222582871203e-17
gpt	10	130.77369721485303	0.7057650815010147	4096.0	0.0	31.32210780249784	0.1697806444348258	197.625	0.0	24	8	64	2	378.3595060857772	0.5305982382787231	16.363545468584295	0.10212857495745287	1.0734955361050789	0.034863639681358215	1.8024999999999998	0.00790569415042092
